{"min_": [-0.001314349821768701, -0.001453437376767397, -0.0015424428274855018, -0.029979927465319633], "scale_": [0.005701920948922634, 0.006087122485041618, 0.006275776773691177, 0.010527129285037518], "n_features_in_": 4}